tokenizer,num_words,boundary_precision,boundary_recall,boundary_f1,total_true_positive,total_false_positive,total_false_negative
bert-base-multilingual-cased,30,0.38333333333333336,0.55,0.43333333333333335,19,31,14
custom_bpe,30,0.26666666666666666,0.26666666666666666,0.2611111111111111,9,15,24
custom_unigram,30,0.44,0.6666666666666666,0.5055555555555555,22,28,11
google/mt5-small,30,0.3722222222222222,0.55,0.42777777777777776,19,23,14
xlm-roberta-base,30,0.3722222222222222,0.6,0.44111111111111106,20,27,13
